[{"model": "courses.course", "pk": 1, "fields": {"title": "Core Grammar & Vocabulary Skills", "category": "essentials", "short_description": "", "lessons": 13, "level": "A1-B2", "duration": "2 Weeks", "price": "433.00", "discount_percent": 12, "image": "courses/essimg1_yvf7FAd.svg", "show_on_home": true, "created_at": "2026-02-20T10:06:37.132Z"}}, {"model": "courses.course", "pk": 2, "fields": {"title": "Daily English Conversations", "category": "essentials", "short_description": "", "lessons": 12, "level": "B2-C1", "duration": "4 Weeks", "price": "888.00", "discount_percent": 10, "image": "courses/essimg2_XpZQD2w.svg", "show_on_home": true, "created_at": "2026-02-20T11:24:53.598Z"}}, {"model": "courses.course", "pk": 3, "fields": {"title": "Pronunciation & Speaking Practice", "category": "essentials", "short_description": "", "lessons": 33, "level": "Pre-A1", "duration": "3 Weeks", "price": "333.00", "discount_percent": 4, "image": "courses/essimg3_3B3hgPz.svg", "show_on_home": true, "created_at": "2026-02-20T11:55:09.557Z"}}, {"model": "courses.course", "pk": 4, "fields": {"title": "English for Real-Life Social Situations", "category": "essentials", "short_description": "", "lessons": 12, "level": "A1-B2", "duration": "2 Weeks", "price": "555.00", "discount_percent": 5, "image": "courses/essimg4_ZT7hnT0.svg", "show_on_home": false, "created_at": "2026-02-20T11:57:51.836Z"}}, {"model": "courses.course", "pk": 5, "fields": {"title": "IELTS Preparation & Practice Guide", "category": "exam", "short_description": "", "lessons": 6, "level": "Pre-A1", "duration": "4 Weeks", "price": "999.00", "discount_percent": 5, "image": "courses/exmimg1_azEvhuU.svg", "show_on_home": true, "created_at": "2026-02-20T11:59:37.974Z"}}, {"model": "courses.course", "pk": 6, "fields": {"title": "TOEFL Essentials Preparation Program", "category": "exam", "short_description": "", "lessons": 19, "level": "Pre-A1", "duration": "4 Weeks", "price": "999.00", "discount_percent": 5, "image": "courses/exmimg2_q05YWiJ.svg", "show_on_home": true, "created_at": "2026-02-20T12:02:24.735Z"}}, {"model": "courses.course", "pk": 7, "fields": {"title": "Advanced Academic Writing Skills Program", "category": "exam", "short_description": "", "lessons": 22, "level": "B1-B2", "duration": "4 Weeks", "price": "999.00", "discount_percent": 2, "image": "courses/exmimg3_18omnRg.svg", "show_on_home": true, "created_at": "2026-02-20T12:04:28.696Z"}}, {"model": "courses.course", "pk": 8, "fields": {"title": "Speaking Skills for Exams Preparation", "category": "exam", "short_description": "", "lessons": 22, "level": "Pre-A1", "duration": "4 Weeks", "price": "444.00", "discount_percent": 4, "image": "courses/exmimg4_Ac4o4vK.svg", "show_on_home": false, "created_at": "2026-02-20T12:06:04.927Z"}}, {"model": "courses.course", "pk": 9, "fields": {"title": "Professional Communication", "category": "career", "short_description": "", "lessons": 33, "level": "B2-C1", "duration": "2 Weeks", "price": "666.00", "discount_percent": 3, "image": "courses/careerimg1_a7SU6fW.svg", "show_on_home": true, "created_at": "2026-02-20T12:08:03.086Z"}}, {"model": "courses.course", "pk": 10, "fields": {"title": "Interview Skills & Practice Guide", "category": "career", "short_description": "", "lessons": 19, "level": "A1", "duration": "4 Weeks", "price": "999.00", "discount_percent": 3, "image": "courses/careerimg2_0EAPGln.svg", "show_on_home": true, "created_at": "2026-02-20T12:09:31.732Z"}}, {"model": "courses.course", "pk": 11, "fields": {"title": "Presentation Skills for Professionals", "category": "career", "short_description": "", "lessons": 32, "level": "A1-B2", "duration": "2 weeks", "price": "444.00", "discount_percent": 23, "image": "courses/careerimg3_ne1cS2Z.svg", "show_on_home": false, "created_at": "2026-02-20T12:10:52.974Z"}}, {"model": "courses.course", "pk": 12, "fields": {"title": "Professional Email Writing Mastery", "category": "career", "short_description": "", "lessons": 4, "level": "Pre-A1", "duration": "1 Week", "price": "333.00", "discount_percent": 2, "image": "courses/careerimg4.svg", "show_on_home": true, "created_at": "2026-02-20T12:12:27.086Z"}}, {"model": "courses.course", "pk": 13, "fields": {"title": "Everyday English Foundations (A1)", "category": "skill", "short_description": "", "lessons": 12, "level": "A1", "duration": "4 Weeks", "price": "1222.00", "discount_percent": 2, "image": "courses/skillimg1_fJ3rhSZ.svg", "show_on_home": true, "created_at": "2026-02-20T12:13:47.831Z"}}, {"model": "courses.course", "pk": 14, "fields": {"title": "Basic Speaking & Listening (A2)", "category": "skill", "short_description": "", "lessons": 12, "level": "A2", "duration": "3 Weeks", "price": "1111.00", "discount_percent": 2, "image": "courses/skillimg2_I7aEIQl.svg", "show_on_home": true, "created_at": "2026-02-20T12:15:07.885Z"}}, {"model": "courses.course", "pk": 15, "fields": {"title": "Real-Life English Practice Program (B1)", "category": "skill", "short_description": "", "lessons": 12, "level": "B1", "duration": "4 Weeks", "price": "1222.00", "discount_percent": 1, "image": "courses/skillimg3_8qcHiUm.svg", "show_on_home": true, "created_at": "2026-02-20T12:16:21.027Z"}}, {"model": "courses.coursecontent", "pk": 1, "fields": {"course": 1, "overview": "Establish a solid foundation in key grammar and vocabulary to communicate clearly and accurately in English confidently.\r\n\r\nThis course covers key grammar rules, common sentence structures, and essential vocabulary. Through targeted exercises, practical examples, and interactive practice, you will enhance your language accuracy and expand your word bank.", "pdf_file": "course_pdfs/Freshers_Assistance_Project_Idea_ainKMvd.pdf"}}, {"model": "courses.coursecontent", "pk": 2, "fields": {"course": 2, "overview": "Develop conversational skills to confidently and effectively navigate daily interactions in English across various settings.\r\n\r\nThis course focuses on practical dialogues, common expressions, and everyday vocabulary. Through role-plays, group discussions, and listening exercises, you will practice initiating conversations, responding naturally, and maintaining smooth, engaging interactions in various settings.", "pdf_file": "course_pdfs/Freshers_Assistance_Project_Idea_FRaZhJm.pdf"}}, {"model": "courses.coursecontent", "pk": 3, "fields": {"course": 3, "overview": "Enhance pronunciation and speaking skills to communicate clearly and effectively in everyday interactions confidently.\r\n\r\nThis course focuses on sound articulation, rhythm, and intonation through targeted exercises, practice dialogues, and pronunciation drills. You∆ll gain confidence in expressing yourself with accurate pronunciation and natural flow.", "pdf_file": "course_pdfs/Frontend_Technical_Assessment_R2cDbXA.pdf"}}, {"model": "courses.coursecontent", "pk": 4, "fields": {"course": 4, "overview": "Develop practical English skills to navigate common social situations, fostering ease and effective communication.\r\n\r\nThis course focuses on casual conversations, small talk, and handling everyday interactions. Through role-plays, group discussions, and practical exercises, you will practice initiating conversations, expressing opinions, and responding naturally.", "pdf_file": "course_pdfs/manuishan.cv.python.pdf"}}, {"model": "courses.coursecontent", "pk": 5, "fields": {"course": 5, "overview": "Develop targeted strategies to succeed in all sections of the IELTS exam, including reading, writing, listening, and speaking.\r\n\r\nThis course offers targeted practice, test strategies, and feedback to help you manage time, respond accurately, and communicate clearly. Boost confidence through mock tests.", "pdf_file": "course_pdfs/Frontend_Technical_Assessment_h0bIfX4.pdf"}}, {"model": "courses.coursecontent", "pk": 6, "fields": {"course": 6, "overview": "Master essential TOEFL strategies to confidently excel in all sections of the exam, including reading, listening, and writing.\r\n\r\nThis course focuses on improving reading, listening, speaking, and writing skills with targeted exercises, practice tests, and feedback. You∆ll learn test-taking techniques, time management strategies, and effective approaches for answering questions.", "pdf_file": "course_pdfs/Frontend_Technical_Assessment_7rc2Ur0.pdf"}}, {"model": "courses.coursecontent", "pk": 7, "fields": {"course": 7, "overview": "Develop writing techniques to produce well-structured academic content for essays, reports, and research papers.\r\n\r\nThis course covers critical thinking, thesis development, and persuasive writing. Through targeted exercises, peer reviews, and practical assignments, you will refine your writing style, improve coherence, and effectively present your arguments.", "pdf_file": "course_pdfs/Frontend_Technical_Assessment_v5PLVhO.pdf"}}, {"model": "courses.coursecontent", "pk": 8, "fields": {"course": 8, "overview": "Build speaking strategies to perform confidently and effectively in exam settings and high-pressure situations.\r\n\r\nThrough practice exercises, mock exams, and targeted feedback, you∆ll learn to handle common question types, articulate ideas clearly, and stay calm during assessments.", "pdf_file": "course_pdfs/Freshers_Assistance_Project_Idea_XGx8z9M.pdf"}}, {"model": "courses.coursecontent", "pk": 9, "fields": {"course": 9, "overview": "Develop essential communication skills to interact professionally and confidently across various workplaces.\r\n\r\nThis course focuses on clear speaking, active listening, and effective email writing. Through practical exercises and role-playing, you will learn to handle difficult conversations.", "pdf_file": "course_pdfs/Freshers_Assistance_Project_Idea_VR2m3OF.pdf"}}, {"model": "courses.coursecontent", "pk": 10, "fields": {"course": 10, "overview": "Learn essential interview skills to present yourself professionally and effectively in job interviews.\r\n\r\nThis course covers strategies for answering interview questions, managing nerves, and highlighting strengths. Practice with interviews and feedback to boost confidence.", "pdf_file": "course_pdfs/Frontend_Technical_Assessment_sqEi07F.pdf"}}, {"model": "courses.coursecontent", "pk": 11, "fields": {"course": 11, "overview": "Develop essential presentation skills to communicate confidently and persuasively in professional contexts.\r\n\r\nThis course focuses on structuring presentations, engaging audiences, and delivering messages with clarity and confidence. Through practical exercises, speech practice, and feedback, you∆ll learn to handle nerves, use visuals effectively, and maintain audience interest throughout your presentation.", "pdf_file": "course_pdfs/Frontend_Technical_Assessment_a5DS1tQ.pdf"}}, {"model": "courses.coursecontent", "pk": 12, "fields": {"course": 12, "overview": "Learn to craft effective and professional emails for various business scenarios, ensuring your message is impactful.\r\n\r\nThis course focuses on writing structured emails, maintaining proper tone, and avoiding common mistakes. You∆ll practice composing persuasive requests, delivering feedback, and responding professionally to different types of messages.", "pdf_file": "course_pdfs/Frontend_Technical_Assessment_KvTmYcD.pdf"}}, {"model": "courses.coursecontent", "pk": 13, "fields": {"course": 13, "overview": "Build a solid foundation in basic English for everyday communication, enabling you to engage in conversations.\r\n\r\nThis course covers essential vocabulary, simple phrases, and common expressions to help you confidently navigate daily interactions. Through practical exercises, listening practice, and role-playing, you'll learn to introduce yourself, ask for directions, order food, and engage in basic conversations.", "pdf_file": "course_pdfs/Frontend_Technical_Assessment_3UyTIIY.pdf"}}, {"model": "courses.coursecontent", "pk": 14, "fields": {"course": 14, "overview": "Develop essential speaking and listening skills to navigate simple conversations in everyday contexts.\r\n\r\nThrough guided practice, interactive activities, and engaging role-playing, you∆ll strengthen your ability to understand spoken English and communicate in common situations.", "pdf_file": "course_pdfs/Frontend_Technical_Assessment_xbXXHCg.pdf"}}, {"model": "courses.coursecontent", "pk": 15, "fields": {"course": 15, "overview": "Strengthen your practical English skills for everyday interactions with engaging activities and real-world scenarios.\r\n\r\nThis program focuses on improving conversational fluency, listening comprehension, and essential vocabulary through role-plays, group discussions, and practical exercises.", "pdf_file": "course_pdfs/Freshers_Assistance_Project_Idea_DreCUc9.pdf"}}, {"model": "courses.coursemodule", "pk": 1, "fields": {"course": 1, "title": "Basic Grammar Rules & Structures", "lessons_count": 2}}, {"model": "courses.coursemodule", "pk": 2, "fields": {"course": 1, "title": "Essential Vocabulary & Usage", "lessons_count": 8}}, {"model": "courses.coursemodule", "pk": 3, "fields": {"course": 1, "title": "Sentence Construction Practice", "lessons_count": 4}}, {"model": "courses.coursemodule", "pk": 4, "fields": {"course": 2, "title": "Greetings & Introductions", "lessons_count": 3}}, {"model": "courses.coursemodule", "pk": 5, "fields": {"course": 2, "title": "Everyday Situations & Responses", "lessons_count": 4}}, {"model": "courses.coursemodule", "pk": 6, "fields": {"course": 2, "title": "Casual Conversations Practice", "lessons_count": 4}}, {"model": "courses.coursemodule", "pk": 7, "fields": {"course": 3, "title": "Vowel & Consonant Sounds", "lessons_count": 4}}, {"model": "courses.coursemodule", "pk": 8, "fields": {"course": 3, "title": "Stress & Intonation Patterns", "lessons_count": 2}}, {"model": "courses.coursemodule", "pk": 9, "fields": {"course": 3, "title": "Speaking Practice & Feedback", "lessons_count": 4}}, {"model": "courses.coursemodule", "pk": 10, "fields": {"course": 3, "title": "Everyday Conversations Practice", "lessons_count": 4}}, {"model": "courses.coursemodule", "pk": 11, "fields": {"course": 4, "title": "Small Talk & Introductions", "lessons_count": 4}}, {"model": "courses.coursemodule", "pk": 12, "fields": {"course": 4, "title": "Everyday Situations & Responses", "lessons_count": 3}}, {"model": "courses.coursemodule", "pk": 13, "fields": {"course": 4, "title": "Sentence Construction Practice", "lessons_count": 5}}, {"model": "courses.coursemodule", "pk": 14, "fields": {"course": 4, "title": "Everyday Conversations Practice", "lessons_count": 7}}, {"model": "courses.coursemodule", "pk": 15, "fields": {"course": 5, "title": "Small Talk & Introductions", "lessons_count": 4}}, {"model": "courses.coursemodule", "pk": 16, "fields": {"course": 5, "title": "Essential Vocabulary Usage", "lessons_count": 4}}, {"model": "courses.coursemodule", "pk": 17, "fields": {"course": 5, "title": "Casual Conversations Practice", "lessons_count": 7}}, {"model": "courses.coursemodule", "pk": 18, "fields": {"course": 6, "title": "Basic Grammar Rules & Structures", "lessons_count": 32}}, {"model": "courses.coursemodule", "pk": 19, "fields": {"course": 6, "title": "Essential Vocabulary Usage", "lessons_count": 23}}, {"model": "courses.coursemodule", "pk": 20, "fields": {"course": 6, "title": "Speaking Practice & Feedback", "lessons_count": 4}}, {"model": "courses.coursemodule", "pk": 21, "fields": {"course": 6, "title": "Everyday Conversations Practice", "lessons_count": 21}}, {"model": "courses.coursemodule", "pk": 22, "fields": {"course": 7, "title": "Basic Grammar Rules & Structures", "lessons_count": 4}}, {"model": "courses.coursemodule", "pk": 23, "fields": {"course": 7, "title": "Essential Vocabulary Usage", "lessons_count": 4}}, {"model": "courses.coursemodule", "pk": 24, "fields": {"course": 7, "title": "Casual Conversations Practice", "lessons_count": 9}}, {"model": "courses.coursemodule", "pk": 25, "fields": {"course": 8, "title": "Small Talk & Introductions", "lessons_count": 6}}, {"model": "courses.coursemodule", "pk": 26, "fields": {"course": 8, "title": "Stress & Intonation Patterns", "lessons_count": 6}}, {"model": "courses.coursemodule", "pk": 27, "fields": {"course": 8, "title": "Sentence Construction Practice", "lessons_count": 4}}, {"model": "courses.coursemodule", "pk": 28, "fields": {"course": 9, "title": "Vowel & Consonant Sounds", "lessons_count": 3}}, {"model": "courses.coursemodule", "pk": 29, "fields": {"course": 9, "title": "Essential Vocabulary Usage", "lessons_count": 3}}, {"model": "courses.coursemodule", "pk": 30, "fields": {"course": 10, "title": "Small Talk & Introductions", "lessons_count": 3}}, {"model": "courses.coursemodule", "pk": 31, "fields": {"course": 10, "title": "Everyday Situations & Responses", "lessons_count": 4}}, {"model": "courses.coursemodule", "pk": 32, "fields": {"course": 10, "title": "Casual Conversations Practice", "lessons_count": 4}}, {"model": "courses.coursemodule", "pk": 33, "fields": {"course": 11, "title": "Small Talk & Introductions", "lessons_count": 3}}, {"model": "courses.coursemodule", "pk": 34, "fields": {"course": 11, "title": "Everyday Situations & Responses", "lessons_count": 4}}, {"model": "courses.coursemodule", "pk": 35, "fields": {"course": 12, "title": "Vowel & Consonant Sounds", "lessons_count": 3}}, {"model": "courses.coursemodule", "pk": 36, "fields": {"course": 12, "title": "Stress & Intonation Patterns", "lessons_count": 1}}, {"model": "courses.coursemodule", "pk": 37, "fields": {"course": 13, "title": "Small Talk & Introductions", "lessons_count": 12}}, {"model": "courses.coursemodule", "pk": 38, "fields": {"course": 13, "title": "Essential Vocabulary & Usage", "lessons_count": 11}}, {"model": "courses.coursemodule", "pk": 39, "fields": {"course": 14, "title": "Vowel & Consonant Sounds", "lessons_count": 12}}, {"model": "courses.coursemodule", "pk": 40, "fields": {"course": 14, "title": "Stress & Intonation Patterns", "lessons_count": 11}}, {"model": "courses.coursemodule", "pk": 41, "fields": {"course": 15, "title": "Vowel & Consonant Sounds", "lessons_count": 12}}, {"model": "courses.coursemodule", "pk": 42, "fields": {"course": 15, "title": "Stress & Intonation Patterns", "lessons_count": 12}}, {"model": "reviews.review", "pk": 1, "fields": {"name": "user", "level": "Beginner", "comment": "good service and im satisfied with them", "avatar": "reviews/ewd_MUybajE.jpg", "created_at": "2026-02-20T11:11:37.437Z"}}, {"model": "reviews.review", "pk": 2, "fields": {"name": "Manu Ishan", "level": "Intermediate", "comment": "excellent staff", "avatar": "reviews/goku-ultra-instinct-3840x2160-22575_2HKpaWD.png", "created_at": "2026-02-20T12:17:40.762Z"}}, {"model": "reviews.review", "pk": 3, "fields": {"name": "user122", "level": "Expert", "comment": "nice days", "avatar": "reviews/superman_black_6R34ZBN.jpg", "created_at": "2026-02-20T12:18:02.409Z"}}, {"model": "reviews.review", "pk": 4, "fields": {"name": "hari", "level": "Beginner", "comment": "good expert mentors", "avatar": "reviews/197280_xruzwyj.jpg", "created_at": "2026-02-20T12:18:33.138Z"}}, {"model": "sessions.session", "pk": "esuw7ni1efjid86n1us1y2xyfxaspi4q", "fields": {"session_data": ".eJxVjDsOwjAQBe_iGll4_YWSnjNYu_YaB5AtxUmFuDtESgHtm5n3EhHXpcZ18BynLM5CicPvRpge3DaQ79huXabelnkiuSlyp0Nee-bnZXf_DiqO-q21RQXOWWN9gqDIADvUTIFSyb6cvEle-YDkQNmMWPBoQoJiNYMCsuL9AdQzN8Y:1vsMfn:Y6253qW6U6J3JdWXxJ7X3iX4-QioFa_BDHzWkLQzXoI", "expire_date": "2026-03-03T15:07:35.017Z"}}, {"model": "accounts.user", "fields": {"password": "pbkdf2_sha256$1000000$dFYuIY7dd9ToOpxhBmBg3U$xmXJCMGjdohL9DkBPQrUTpQCtvBBc+krCCJGEm1EP+E=", "last_login": "2026-02-17T15:07:34.984Z", "is_superuser": true, "username": "manu", "first_name": "", "last_name": "", "email": "manu@gmail.com", "is_staff": true, "is_active": true, "date_joined": "2026-02-17T15:07:15.676Z", "profile_picture": "", "groups": [], "user_permissions": []}}, {"model": "accounts.user", "fields": {"password": "pbkdf2_sha256$1000000$JXNGQ2JwQwwtYTkEfSRSl9$TR3YoZ5NrFuxPowmsPsOklJBQY6/M1/q/4ObH1mqu9A=", "last_login": "2026-02-21T04:36:25.922Z", "is_superuser": false, "username": "test", "first_name": "", "last_name": "", "email": "test@gmail.com", "is_staff": false, "is_active": true, "date_joined": "2026-02-18T08:20:12.919Z", "profile_picture": "profiles/550094934_1410582803757954_6073729771482218183_n_1_1_C5rl1w9.jpg", "groups": [], "user_permissions": []}}, {"model": "accounts.user", "fields": {"password": "pbkdf2_sha256$1000000$WPUjuwy4pbtg4mtqImsIhi$lymVu0DxBabYvWgePJiX8jXm9ewbnvl94KX6zBTPovc=", "last_login": null, "is_superuser": false, "username": "gustoo", "first_name": "", "last_name": "", "email": "gusto@gmail.com", "is_staff": false, "is_active": true, "date_joined": "2026-02-20T09:18:41.115Z", "profile_picture": "profiles/NEYnew.jpg", "groups": [], "user_permissions": []}}, {"model": "accounts.user", "fields": {"password": "pbkdf2_sha256$1000000$IpdFg2kmDxrZ4J2wq3Tp6y$EVumc+3gvFfryCbURwOzj2yB0lYvEBDu4DOFPW9MrF8=", "last_login": "2026-02-21T04:35:44.728Z", "is_superuser": false, "username": "hari2", "first_name": "", "last_name": "", "email": "manueshanchekkali@gmail.com", "is_staff": false, "is_active": true, "date_joined": "2026-02-21T04:30:25.814Z", "profile_picture": "", "groups": [], "user_permissions": []}}, {"model": "enrollments.enrollment", "pk": 1, "fields": {"user": ["gustoo"], "course": 1, "status": "approved", "created_at": "2026-02-20T11:06:47.637Z", "payment_id": "23244"}}, {"model": "enrollments.enrollment", "pk": 2, "fields": {"user": ["gustoo"], "course": 2, "status": "approved", "created_at": "2026-02-20T11:29:59.834Z", "payment_id": null}}, {"model": "enrollments.enrollment", "pk": 3, "fields": {"user": ["hari2"], "course": 1, "status": "approved", "created_at": "2026-02-21T04:33:01.290Z", "payment_id": null}}, {"model": "admin.logentry", "pk": 1, "fields": {"action_time": "2026-02-17T15:58:56.498Z", "user": ["manu"], "content_type": ["accounts", "user"], "object_id": "2", "object_repr": "jack", "action_flag": 2, "change_message": "[{\"changed\": {\"fields\": [\"Username\"]}}]"}}, {"model": "admin.logentry", "pk": 2, "fields": {"action_time": "2026-02-18T08:19:43.661Z", "user": ["manu"], "content_type": ["accounts", "user"], "object_id": "2", "object_repr": "jack", "action_flag": 3, "change_message": ""}}, {"model": "admin.logentry", "pk": 3, "fields": {"action_time": "2026-02-20T10:06:37.147Z", "user": ["manu"], "content_type": ["courses", "course"], "object_id": "1", "object_repr": "Core Grammar & Vocabulary Skills", "action_flag": 1, "change_message": "[{\"added\": {}}, {\"added\": {\"name\": \"course content\", \"object\": \"Content for Core Grammar & Vocabulary Skills\"}}, {\"added\": {\"name\": \"course module\", \"object\": \"Basic Grammar Rules & Structures\"}}, {\"added\": {\"name\": \"course module\", \"object\": \"Essential Vocabulary & Usage\"}}, {\"added\": {\"name\": \"course module\", \"object\": \"Sentence Construction Practice\"}}]"}}, {"model": "admin.logentry", "pk": 4, "fields": {"action_time": "2026-02-20T11:07:25.488Z", "user": ["manu"], "content_type": ["enrollments", "enrollment"], "object_id": "1", "object_repr": "gustoo - Core Grammar & Vocabulary Skills", "action_flag": 2, "change_message": "[{\"changed\": {\"fields\": [\"Status\", \"Payment id\"]}}]"}}, {"model": "admin.logentry", "pk": 5, "fields": {"action_time": "2026-02-20T11:24:53.617Z", "user": ["manu"], "content_type": ["courses", "course"], "object_id": "2", "object_repr": "Daily English Conversations", "action_flag": 1, "change_message": "[{\"added\": {}}, {\"added\": {\"name\": \"course content\", \"object\": \"Content for Daily English Conversations\"}}, {\"added\": {\"name\": \"course module\", \"object\": \"Greetings & Introductions\"}}, {\"added\": {\"name\": \"course module\", \"object\": \"Everyday Situations & Responses\"}}, {\"added\": {\"name\": \"course module\", \"object\": \"Casual Conversations Practice\"}}]"}}, {"model": "admin.logentry", "pk": 6, "fields": {"action_time": "2026-02-20T11:32:39.629Z", "user": ["manu"], "content_type": ["enrollments", "enrollment"], "object_id": "2", "object_repr": "gustoo - Daily English Conversations", "action_flag": 2, "change_message": "[{\"changed\": {\"fields\": [\"Status\"]}}]"}}, {"model": "admin.logentry", "pk": 7, "fields": {"action_time": "2026-02-20T11:55:09.646Z", "user": ["manu"], "content_type": ["courses", "course"], "object_id": "3", "object_repr": "Pronunciation & Speaking Practice", "action_flag": 1, "change_message": "[{\"added\": {}}, {\"added\": {\"name\": \"course content\", \"object\": \"Content for Pronunciation & Speaking Practice\"}}, {\"added\": {\"name\": \"course module\", \"object\": \"Vowel & Consonant Sounds\"}}, {\"added\": {\"name\": \"course module\", \"object\": \"Stress & Intonation Patterns\"}}, {\"added\": {\"name\": \"course module\", \"object\": \"Speaking Practice & Feedback\"}}, {\"added\": {\"name\": \"course module\", \"object\": \"Everyday Conversations Practice\"}}]"}}, {"model": "admin.logentry", "pk": 8, "fields": {"action_time": "2026-02-20T11:57:51.842Z", "user": ["manu"], "content_type": ["courses", "course"], "object_id": "4", "object_repr": "English for Real-Life Social Situations", "action_flag": 1, "change_message": "[{\"added\": {}}, {\"added\": {\"name\": \"course content\", \"object\": \"Content for English for Real-Life Social Situations\"}}, {\"added\": {\"name\": \"course module\", \"object\": \"Small Talk & Introductions\"}}, {\"added\": {\"name\": \"course module\", \"object\": \"Everyday Situations & Responses\"}}, {\"added\": {\"name\": \"course module\", \"object\": \"Sentence Construction Practice\"}}, {\"added\": {\"name\": \"course module\", \"object\": \"Everyday Conversations Practice\"}}]"}}, {"model": "admin.logentry", "pk": 9, "fields": {"action_time": "2026-02-20T11:59:38.023Z", "user": ["manu"], "content_type": ["courses", "course"], "object_id": "5", "object_repr": "IELTS Preparation & Practice Guide", "action_flag": 1, "change_message": "[{\"added\": {}}, {\"added\": {\"name\": \"course content\", \"object\": \"Content for IELTS Preparation & Practice Guide\"}}, {\"added\": {\"name\": \"course module\", \"object\": \"Small Talk & Introductions\"}}, {\"added\": {\"name\": \"course module\", \"object\": \"Essential Vocabulary Usage\"}}, {\"added\": {\"name\": \"course module\", \"object\": \"Casual Conversations Practice\"}}]"}}, {"model": "admin.logentry", "pk": 10, "fields": {"action_time": "2026-02-20T12:02:24.793Z", "user": ["manu"], "content_type": ["courses", "course"], "object_id": "6", "object_repr": "TOEFL Essentials Preparation Program", "action_flag": 1, "change_message": "[{\"added\": {}}, {\"added\": {\"name\": \"course content\", \"object\": \"Content for TOEFL Essentials Preparation Program\"}}, {\"added\": {\"name\": \"course module\", \"object\": \"Basic Grammar Rules & Structures\"}}, {\"added\": {\"name\": \"course module\", \"object\": \"Essential Vocabulary Usage\"}}, {\"added\": {\"name\": \"course module\", \"object\": \"Speaking Practice & Feedback\"}}, {\"added\": {\"name\": \"course module\", \"object\": \"Everyday Conversations Practice\"}}]"}}, {"model": "admin.logentry", "pk": 11, "fields": {"action_time": "2026-02-20T12:04:28.735Z", "user": ["manu"], "content_type": ["courses", "course"], "object_id": "7", "object_repr": "Advanced Academic Writing Skills Program", "action_flag": 1, "change_message": "[{\"added\": {}}, {\"added\": {\"name\": \"course content\", \"object\": \"Content for Advanced Academic Writing Skills Program\"}}, {\"added\": {\"name\": \"course module\", \"object\": \"Basic Grammar Rules & Structures\"}}, {\"added\": {\"name\": \"course module\", \"object\": \"Essential Vocabulary Usage\"}}, {\"added\": {\"name\": \"course module\", \"object\": \"Casual Conversations Practice\"}}]"}}, {"model": "admin.logentry", "pk": 12, "fields": {"action_time": "2026-02-20T12:06:04.950Z", "user": ["manu"], "content_type": ["courses", "course"], "object_id": "8", "object_repr": "Speaking Skills for Exams Preparation", "action_flag": 1, "change_message": "[{\"added\": {}}, {\"added\": {\"name\": \"course content\", \"object\": \"Content for Speaking Skills for Exams Preparation\"}}, {\"added\": {\"name\": \"course module\", \"object\": \"Small Talk & Introductions\"}}, {\"added\": {\"name\": \"course module\", \"object\": \"Stress & Intonation Patterns\"}}, {\"added\": {\"name\": \"course module\", \"object\": \"Sentence Construction Practice\"}}]"}}, {"model": "admin.logentry", "pk": 13, "fields": {"action_time": "2026-02-20T12:08:03.093Z", "user": ["manu"], "content_type": ["courses", "course"], "object_id": "9", "object_repr": "Professional Communication", "action_flag": 1, "change_message": "[{\"added\": {}}, {\"added\": {\"name\": \"course content\", \"object\": \"Content for Professional Communication\"}}, {\"added\": {\"name\": \"course module\", \"object\": \"Vowel & Consonant Sounds\"}}, {\"added\": {\"name\": \"course module\", \"object\": \"Essential Vocabulary Usage\"}}]"}}, {"model": "admin.logentry", "pk": 14, "fields": {"action_time": "2026-02-20T12:09:31.789Z", "user": ["manu"], "content_type": ["courses", "course"], "object_id": "10", "object_repr": "Interview Skills & Practice Guide", "action_flag": 1, "change_message": "[{\"added\": {}}, {\"added\": {\"name\": \"course content\", \"object\": \"Content for Interview Skills & Practice Guide\"}}, {\"added\": {\"name\": \"course module\", \"object\": \"Small Talk & Introductions\"}}, {\"added\": {\"name\": \"course module\", \"object\": \"Everyday Situations & Responses\"}}, {\"added\": {\"name\": \"course module\", \"object\": \"Casual Conversations Practice\"}}]"}}, {"model": "admin.logentry", "pk": 15, "fields": {"action_time": "2026-02-20T12:10:53.037Z", "user": ["manu"], "content_type": ["courses", "course"], "object_id": "11", "object_repr": "Presentation Skills for Professionals", "action_flag": 1, "change_message": "[{\"added\": {}}, {\"added\": {\"name\": \"course content\", \"object\": \"Content for Presentation Skills for Professionals\"}}, {\"added\": {\"name\": \"course module\", \"object\": \"Small Talk & Introductions\"}}, {\"added\": {\"name\": \"course module\", \"object\": \"Everyday Situations & Responses\"}}]"}}, {"model": "admin.logentry", "pk": 16, "fields": {"action_time": "2026-02-20T12:12:27.113Z", "user": ["manu"], "content_type": ["courses", "course"], "object_id": "12", "object_repr": "Professional Email Writing Mastery", "action_flag": 1, "change_message": "[{\"added\": {}}, {\"added\": {\"name\": \"course content\", \"object\": \"Content for Professional Email Writing Mastery\"}}, {\"added\": {\"name\": \"course module\", \"object\": \"Vowel & Consonant Sounds\"}}, {\"added\": {\"name\": \"course module\", \"object\": \"Stress & Intonation Patterns\"}}]"}}, {"model": "admin.logentry", "pk": 17, "fields": {"action_time": "2026-02-20T12:13:47.861Z", "user": ["manu"], "content_type": ["courses", "course"], "object_id": "13", "object_repr": "Everyday English Foundations (A1)", "action_flag": 1, "change_message": "[{\"added\": {}}, {\"added\": {\"name\": \"course content\", \"object\": \"Content for Everyday English Foundations (A1)\"}}, {\"added\": {\"name\": \"course module\", \"object\": \"Small Talk & Introductions\"}}, {\"added\": {\"name\": \"course module\", \"object\": \"Essential Vocabulary & Usage\"}}]"}}, {"model": "admin.logentry", "pk": 18, "fields": {"action_time": "2026-02-20T12:15:07.913Z", "user": ["manu"], "content_type": ["courses", "course"], "object_id": "14", "object_repr": "Basic Speaking & Listening (A2)", "action_flag": 1, "change_message": "[{\"added\": {}}, {\"added\": {\"name\": \"course content\", \"object\": \"Content for Basic Speaking & Listening (A2)\"}}, {\"added\": {\"name\": \"course module\", \"object\": \"Vowel & Consonant Sounds\"}}, {\"added\": {\"name\": \"course module\", \"object\": \"Stress & Intonation Patterns\"}}]"}}, {"model": "admin.logentry", "pk": 19, "fields": {"action_time": "2026-02-20T12:16:21.032Z", "user": ["manu"], "content_type": ["courses", "course"], "object_id": "15", "object_repr": "Real-Life English Practice Program (B1)", "action_flag": 1, "change_message": "[{\"added\": {}}, {\"added\": {\"name\": \"course content\", \"object\": \"Content for Real-Life English Practice Program (B1)\"}}, {\"added\": {\"name\": \"course module\", \"object\": \"Vowel & Consonant Sounds\"}}, {\"added\": {\"name\": \"course module\", \"object\": \"Stress & Intonation Patterns\"}}]"}}, {"model": "admin.logentry", "pk": 20, "fields": {"action_time": "2026-02-20T12:17:10.221Z", "user": ["manu"], "content_type": ["courses", "course"], "object_id": "4", "object_repr": "English for Real-Life Social Situations", "action_flag": 2, "change_message": "[{\"changed\": {\"fields\": [\"Show on home\"]}}]"}}, {"model": "admin.logentry", "pk": 21, "fields": {"action_time": "2026-02-21T04:34:15.953Z", "user": ["manu"], "content_type": ["enrollments", "enrollment"], "object_id": "3", "object_repr": "hari1 - Core Grammar & Vocabulary Skills", "action_flag": 2, "change_message": "[{\"changed\": {\"fields\": [\"Status\"]}}]"}}, {"model": "admin.logentry", "pk": 22, "fields": {"action_time": "2026-02-21T04:39:30.181Z", "user": ["manu"], "content_type": ["courses", "course"], "object_id": "11", "object_repr": "Presentation Skills for Professionals", "action_flag": 2, "change_message": "[{\"changed\": {\"fields\": [\"Show on home\"]}}]"}}]